extension,type,identifier,file
aoe_restler,middleware,aoe/restler/system/dispatcher,typo3-extensions/aoe_restler/Configuration/RequestMiddlewares.php
apache-solr-for-typo3_solr,eID,tx_solr_api,typo3-extensions/apache-solr-for-typo3_solr/ext_localconf.php
apache-solr-for-typo3_solr,middleware,apache-solr-for-typo3/indexing,typo3-extensions/apache-solr-for-typo3_solr/Configuration/RequestMiddlewares.php
apache-solr-for-typo3_solr,middleware,apache-solr-for-typo3/user-group-detection,typo3-extensions/apache-solr-for-typo3_solr/Configuration/RequestMiddlewares.php
b13_http2,middleware,b13/http2/push-resources,typo3-extensions/b13_http2/Configuration/RequestMiddlewares.php
b13_justincase,middleware,b13/just-in-case,typo3-extensions/b13_justincase/Configuration/RequestMiddlewares.php
beechit_fal-securedownload,eID,FalSecuredownloadFileTreeState,typo3-extensions/beechit_fal-securedownload/ext_localconf.php
beechit_fal-securedownload,middleware,beechit/eid-frontend/authentication,typo3-extensions/beechit_fal-securedownload/Configuration/RequestMiddlewares.php
bithost-gmbh_pdfviewhelpers,middleware,bithost/pdfviewhelpers/stop-output,typo3-extensions/bithost-gmbh_pdfviewhelpers/Configuration/RequestMiddlewares.php
blueways_bw-captcha,middleware,bw-captcha/audio,typo3-extensions/blueways_bw-captcha/Configuration/RequestMiddlewares.php
blueways_bw-captcha,middleware,bw-captcha/captcha,typo3-extensions/blueways_bw-captcha/Configuration/RequestMiddlewares.php
brotkrueml_schema,middleware,brotkrueml/schema/markup-injection,typo3-extensions/brotkrueml_schema/Configuration/RequestMiddlewares.php
codingfreaks_cf-cookiemanager,middleware,codingfreaks/cf-cookiemanager/gdprhook,typo3-extensions/codingfreaks_cf-cookiemanager/Configuration/RequestMiddlewares.php
cundd_rest,eID,rest,typo3-extensions/cundd_rest/ext_localconf.php
cundd_rest,middleware,cundd/rest/rest-middleware,typo3-extensions/cundd_rest/Configuration/RequestMiddlewares.php
derhansen_fe_change_pwd,middleware,derhansen/fe-change-pwd/force-password-change,typo3-extensions/derhansen_fe_change_pwd/Configuration/RequestMiddlewares.php
dirkpersky_typo3-dp_cookieconsent,middleware,dirkpersky/plain-rendering-handler,typo3-extensions/dirkpersky_typo3-dp_cookieconsent/Configuration/RequestMiddlewares.php
eliashaeussler_typo3-form-consent,middleware,eliashaeussler/typo3-form-consent-test-extension/request-storage-handler,typo3-extensions/eliashaeussler_typo3-form-consent/Tests/Functional/Fixtures/Extensions/test_extension/Configuration/RequestMiddlewares.php
eliashaeussler_typo3-warming,middleware,eliashaeussler/typo3-warming/script-injection,typo3-extensions/eliashaeussler_typo3-warming/Configuration/RequestMiddlewares.php
eliashaeussler_typo3-warming,middleware,eliashaeussler/typo3-warming/sub-request-state-logger,typo3-extensions/eliashaeussler_typo3-warming/Configuration/RequestMiddlewares.php
fluidtypo3_flux,middleware,fluidtypo3/flux/request-availability,typo3-extensions/fluidtypo3_flux/Configuration/RequestMiddlewares.php
fluidtypo3_vhs,middleware,fluidtypo3/vhs/request-availability,typo3-extensions/fluidtypo3_vhs/Configuration/RequestMiddlewares.php
friendsoftypo3_headless,middleware,headless/cms-frontend/prepare-user-int,typo3-extensions/friendsoftypo3_headless/Configuration/RequestMiddlewares.php
friendsoftypo3_headless,middleware,headless/cms-frontend/shortcut-and-mountpoint-redirect,typo3-extensions/friendsoftypo3_headless/Configuration/RequestMiddlewares.php
friendsoftypo3_headless,middleware,headless/cms-redirects/redirecthandler,typo3-extensions/friendsoftypo3_headless/Configuration/RequestMiddlewares.php
friendsoftypo3_headless,middleware,headless/mode-setter,typo3-extensions/friendsoftypo3_headless/Configuration/RequestMiddlewares.php
friendsoftypo3_headless,middleware,typo3/cms-frontend/base-redirect-resolver,typo3-extensions/friendsoftypo3_headless/Configuration/RequestMiddlewares.php
friendsoftypo3_headless,middleware,typo3/cms-frontend/shortcut-and-mountpoint-redirect,typo3-extensions/friendsoftypo3_headless/Configuration/RequestMiddlewares.php
friendsoftypo3_headless,middleware,typo3/cms-redirects/redirecthandler,typo3-extensions/friendsoftypo3_headless/Configuration/RequestMiddlewares.php
friendsoftypo3_visual-editor,middleware,typo3/cms-visual-editor/disable-cache-in-edit-mode-middleware,typo3-extensions/friendsoftypo3_visual-editor/Configuration/RequestMiddlewares.php
friendsoftypo3_visual-editor,middleware,typo3/cms-visual-editor/persistence-middleware,typo3-extensions/friendsoftypo3_visual-editor/Configuration/RequestMiddlewares.php
helhum_typoscript-rendering,middleware,helhum/typoscript-rendering-handler,typo3-extensions/helhum_typoscript-rendering/Configuration/RequestMiddlewares.php
hn_typo3-mcp-server,middleware,hn-mcp-server/routes,typo3-extensions/hn_typo3-mcp-server/Configuration/RequestMiddlewares.php
in2code_femanager,middleware,in2code/femanager/clean-user-group,typo3-extensions/in2code_femanager/Configuration/RequestMiddlewares.php
in2code_femanager,middleware,in2code/femanager/remove-passowrd-if-empty,typo3-extensions/in2code_femanager/Configuration/RequestMiddlewares.php
in2code_in2publish_core,middleware,in2code/in2publish_core/debugging,typo3-extensions/in2code_in2publish_core/Configuration/RequestMiddlewares.php
in2code_in2publish_core,middleware,in2code/in2publish_core/extbase-module-sanitize-parameter-middleware,typo3-extensions/in2code_in2publish_core/Configuration/RequestMiddlewares.php
in2code_in2publish_core,middleware,in2code/in2publish_core/inject-loading-overlay,typo3-extensions/in2code_in2publish_core/Configuration/RequestMiddlewares.php
in2code_in2publish_core,middleware,in2code/in2publish_core/make-request-avaiable-middleware,typo3-extensions/in2code_in2publish_core/Configuration/RequestMiddlewares.php
in2code_powermail,eID,powermailEidGetLocation,typo3-extensions/in2code_powermail/ext_localconf.php
jweiland_events2,middleware,jweiland/events2/attach-organizer,typo3-extensions/jweiland_events2/Configuration/RequestMiddlewares.php
jweiland_events2,middleware,jweiland/events2/get-days-for-month,typo3-extensions/jweiland_events2/Configuration/RequestMiddlewares.php
jweiland_events2,middleware,jweiland/events2/get-locations,typo3-extensions/jweiland_events2/Configuration/RequestMiddlewares.php
jweiland_events2,middleware,jweiland/events2/get-sub-categories,typo3-extensions/jweiland_events2/Configuration/RequestMiddlewares.php
jweiland_events2,middleware,jweiland/events2/get-uri-for-day,typo3-extensions/jweiland_events2/Configuration/RequestMiddlewares.php
jweiland_maps2,middleware,jweiland/maps2/info-window-content,typo3-extensions/jweiland_maps2/Configuration/RequestMiddlewares.php
jweiland_maps2,middleware,jweiland/maps2/initialize-fe-session,typo3-extensions/jweiland_maps2/Configuration/RequestMiddlewares.php
leuchtfeuer_secure-downloads,middleware,leuchtfeuer/secure-downloads/file-delivery,typo3-extensions/leuchtfeuer_secure-downloads/Configuration/RequestMiddlewares.php
leuchtfeuer_secure-downloads,middleware,leuchtfeuer/secure-downloads/token-refresh,typo3-extensions/leuchtfeuer_secure-downloads/Configuration/RequestMiddlewares.php
lochmueller_autoloader,eID,$elements[,
lochmueller_autoloader,fe_plugin,Content,typo3-extensions/lochmueller_autoloader/Classes/Loader/ContentObjects.php
lochmueller_language-detection,middleware,language-detection/default-handle,typo3-extensions/lochmueller_language-detection/Configuration/RequestMiddlewares.php
lochmueller_language-detection,middleware,language-detection/json-handle,typo3-extensions/lochmueller_language-detection/Configuration/RequestMiddlewares.php
lochmueller_sourceopt,middleware,html/sourceopt/clean-html,typo3-extensions/lochmueller_sourceopt/Configuration/RequestMiddlewares.php
lochmueller_sourceopt,middleware,html/sourceopt/replacer,typo3-extensions/lochmueller_sourceopt/Configuration/RequestMiddlewares.php
lochmueller_sourceopt,middleware,html/sourceopt/svg-store,typo3-extensions/lochmueller_sourceopt/Configuration/RequestMiddlewares.php
lochmueller_staticfilecache,middleware,staticfilecache/cookie-check,typo3-extensions/lochmueller_staticfilecache/Configuration/RequestMiddlewares.php
lochmueller_staticfilecache,middleware,staticfilecache/fallback,typo3-extensions/lochmueller_staticfilecache/Configuration/RequestMiddlewares.php
lochmueller_staticfilecache,middleware,staticfilecache/frontend-user,typo3-extensions/lochmueller_staticfilecache/Configuration/RequestMiddlewares.php
lochmueller_staticfilecache,middleware,staticfilecache/generate,typo3-extensions/lochmueller_staticfilecache/Configuration/RequestMiddlewares.php
lochmueller_staticfilecache,middleware,staticfilecache/prepare,typo3-extensions/lochmueller_staticfilecache/Configuration/RequestMiddlewares.php
mfd_typo3-prometheus,middleware,mfd/prometheus/metrics-middleware,typo3-extensions/mfd_typo3-prometheus/Configuration/RequestMiddlewares.php
mittwald_web2pdf,middleware,mittwald/web2pdf/pdf-handler,typo3-extensions/mittwald_web2pdf/Configuration/RequestMiddlewares.php
pixelant_pxa-product-manager,fe_plugin,we,typo3-extensions/pixelant_pxa-product-manager/Documentation/Developers/ModelExtender/ControllerExtending/Index.rst
praetorius_vite-asset-collector,middleware,praetorius/vite-asset-collector/add-csp-nonce-meta-tag,typo3-extensions/praetorius_vite-asset-collector/Configuration/RequestMiddlewares.php
reelworx_rx-shariff,eID,shariff,typo3-extensions/reelworx_rx-shariff/ext_localconf.php
rupertgermann_tt_news,middleware,before/after,typo3-extensions/rupertgermann_tt_news/Configuration/RequestMiddlewares.php
rupertgermann_tt_news,middleware,rg/tt-news/ajax-resolver,typo3-extensions/rupertgermann_tt_news/Configuration/RequestMiddlewares.php
sinso_app-routes,middleware,sinso/app-routes/route,typo3-extensions/sinso_app-routes/Configuration/RequestMiddlewares.php
sitegeist_fluid-styleguide,middleware,sitegeist/fluid-styleguide/router,typo3-extensions/sitegeist_fluid-styleguide/Configuration/RequestMiddlewares.php
sourcebroker_restrictfe,middleware,sourcebroker/restrictfe/backend-user-check,typo3-extensions/sourcebroker_restrictfe/Configuration/RequestMiddlewares.php
sourcebroker_restrictfe,middleware,sourcebroker/restrictfe/redirect-backend,typo3-extensions/sourcebroker_restrictfe/Configuration/RequestMiddlewares.php
sourcebroker_restrictfe,middleware,sourcebroker/restrictfe/request-check,typo3-extensions/sourcebroker_restrictfe/Configuration/RequestMiddlewares.php
sourcebroker_t3api,middleware,sourcebroker/t3api/prepare-api-request,typo3-extensions/sourcebroker_t3api/Configuration/RequestMiddlewares.php
sourcebroker_t3api,middleware,sourcebroker/t3api/process-api-request,typo3-extensions/sourcebroker_t3api/Configuration/RequestMiddlewares.php
ssch_typo3-encore,middleware,ssch/typo3-encore-handler,typo3-extensions/ssch_typo3-encore/Configuration/RequestMiddlewares.php
studiomitte_redirect2trailingslash,middleware,typo3/redirect2trailingslash/redirect,typo3-extensions/studiomitte_redirect2trailingslash/Configuration/RequestMiddlewares.php
t3docs_examples,middleware,t3docs/examples/haiku-season-list,typo3-extensions/t3docs_examples/Configuration/RequestMiddlewares.php
t3monitor_t3monitoring_client,eID,t3monitoring,typo3-extensions/t3monitor_t3monitoring_client/ext_localconf.php
teamneusta_pw_comments,middleware,t3/pw-comments/frontend-handler,typo3-extensions/teamneusta_pw_comments/Configuration/RequestMiddlewares.php
tomasnorre_crawler,middleware,aoe/crawler/authentication,typo3-extensions/tomasnorre_crawler/Configuration/RequestMiddlewares.php
tomasnorre_crawler,middleware,aoe/crawler/initialization,typo3-extensions/tomasnorre_crawler/Configuration/RequestMiddlewares.php
topwire_topwire,middleware,topwire/context-resolver,typo3-extensions/topwire_topwire/Configuration/RequestMiddlewares.php
topwire_topwire,middleware,topwire/form-response-fix,typo3-extensions/topwire_topwire/Configuration/RequestMiddlewares.php
topwire_topwire,middleware,topwire/rendering,typo3-extensions/topwire_topwire/Configuration/RequestMiddlewares.php
wapplersystems_cleverreach,middleware,cleverreach/oauth/callback,typo3-extensions/wapplersystems_cleverreach/Configuration/RequestMiddlewares.php
wapplersystems_form_extended,middleware,wapplersystems/form-extended/password-policy,typo3-extensions/wapplersystems_form_extended/Configuration/RequestMiddlewares.php
wapplersystems_multisite-belogin,middleware,wapplersystems/multisite-token-authenticator,typo3-extensions/wapplersystems_multisite-belogin/Configuration/RequestMiddlewares.php
wapplersystems_save_and_close,middleware,wapplersystems/save-and-close/js-loader,typo3-extensions/wapplersystems_save_and_close/Configuration/RequestMiddlewares.php
wapplersystems_zabbix_client,middleware,wapplersystems/zabbix-client,typo3-extensions/wapplersystems_zabbix_client/Configuration/RequestMiddlewares.php
web-vision_deepltranslate-core,middleware,typo3/json-response/backend-user-authentication,typo3-extensions/web-vision_deepltranslate-core/Tests/Functional/Fixtures/Extensions/testing_framework_backenduserhandler_replacement/Configuration/RequestMiddlewares.php
web-vision_wv_deepltranslate,middleware,typo3/json-response/backend-user-authentication,typo3-extensions/web-vision_wv_deepltranslate/Tests/Functional/Fixtures/Extensions/testing_framework_backenduserhandler_replacement/Configuration/RequestMiddlewares.php
webcoast_deferred-image-processing,middleware,webcoast/deferred-image-processing/image-processor,typo3-extensions/webcoast_deferred-image-processing/Configuration/RequestMiddlewares.php
xima_xima-typo3-content-planner,middleware,xima/content-planner-content-element,typo3-extensions/xima_xima-typo3-content-planner/Configuration/RequestMiddlewares.php
xima_xima-typo3-frontend-edit,middleware,xima/frontend-edit-tool,typo3-extensions/xima_xima-typo3-frontend-edit/Configuration/RequestMiddlewares.php
xima_xima-typo3-manual,middleware,xima/absolute-paths,typo3-extensions/xima_xima-typo3-manual/Configuration/RequestMiddlewares.php
zeroseven_z7-semantilizer,middleware,zeroseven/z7_semantilizer/request,typo3-extensions/zeroseven_z7-semantilizer/Configuration/RequestMiddlewares.php
zeroseven_z7-semantilizer,middleware,zeroseven/z7_semantilizer/user-ts-config,typo3-extensions/zeroseven_z7-semantilizer/Configuration/RequestMiddlewares.php
