1720119	acquia/cohesion	https://github.com/acquia/cohesion
398942	acquia/acquia_cms	https://github.com/acquia/acquia_cms
12873	tripal/tripal	https://github.com/tripal/tripal
841447	pantheon-systems/search_api_pantheon	https://github.com/pantheon-systems/search_api_pantheon
382643	pantheon-systems/pantheon_domain_masking	https://github.com/pantheon-systems/pantheon_domain_masking
406469	openeuropa/oe_webtools	https://github.com/openeuropa/oe_webtools
340001	openeuropa/oe_authentication	https://github.com/openeuropa/oe_authentication
139529	getdkan/dkan	https://github.com/GetDKAN/dkan
1712863	edisonlabs/database_sanitize	https://github.com/EdisonLabs/database_sanitize
19216	e0ipso/simple_oauth_21	https://github.com/e0ipso/simple_oauth_21
2040330	drupal/devel	https://git.drupalcode.org/project/devel.git
256785	civicrm/civicrm-drupal-8	https://github.com/civicrm/civicrm-drupal-8
64947	ycloudyusa/y_lb	https://github.com/YCloudYUSA/y_lb
102800	yalesites-org/yale_cas	https://github.com/yalesites-org/yale_cas
72057	yalesites-org/ai_engine	https://github.com/yalesites-org/ai_engine
2431	wire-drupal/wire	https://github.com/wire-drupal/wire
31544	vishwac09/authzero	https://github.com/vishwac09/authzero
105736	openeuropa/oe_translation	https://github.com/openeuropa/oe_translation
152051	openeuropa/oe_paragraphs	https://github.com/openeuropa/oe_paragraphs
159760	openeuropa/oe_multilingual	https://github.com/openeuropa/oe_multilingual
171057	openeuropa/oe_media	https://github.com/openeuropa/oe_media
170972	openeuropa/oe_corporate_blocks	https://github.com/openeuropa/oe_corporate_blocks
148666	openeuropa/oe_content	https://github.com/openeuropa/oe_content
125859	mjordan/islandora_workbench_integration	https://github.com/mjordan/islandora_workbench_integration
114350	localgovdrupal/localgov_subsites	https://github.com/localgovdrupal/localgov_subsites
118670	localgovdrupal/localgov_services	https://github.com/localgovdrupal/localgov_services
125670	localgovdrupal/localgov_geo	https://github.com/localgovdrupal/localgov_geo
118927	localgovdrupal/localgov_alert_banner	https://github.com/localgovdrupal/localgov_alert_banner
3517	litespeedtech/lscache-drupal	https://github.com/litespeedtech/lscache-drupal
598271	kgaut/potx	https://github.com/kgaut/drupal-potx
322358	islandora/views_nested_details	https://github.com/Islandora-Labs/views_nested_details
91051	islandora-rdm/islandora_fits	https://github.com/roblib/islandora_fits
113941	gigya/gigya-drupal	https://github.com/gigya/drupal8
2020064	edisonlabs/adobe_analytics	https://github.com/EdisonLabs/adobe_analytics
234716	drupal/dynamic_entity_reference	https://git.drupalcode.org/project/dynamic_entity_reference.git
518414	drupal-pattern-lab/unified-twig-extensions	https://github.com/drupal-pattern-lab/unified-twig-extensions
31545	born-digital/islandora_iiif_hocr	https://github.com/Born-Digital-US/islandora_iiif_hocr
108243	amcgowanca/discoverable_entity_bundle_classes	https://github.com/amcgowanca/discoverable_entity_bundle_classes
60132	localgovdrupal/localgov_publications	https://github.com/localgovdrupal/localgov_publications
131499	localgovdrupal/localgov_core	https://github.com/localgovdrupal/localgov_core
311959	islandora/controlled_access_terms	https://github.com/Islandora/controlled_access_terms
90367	druidfi/drush-gdpr-dumper	https://github.com/druidfi/drush-gdpr-dumper
32438	acquia/headless_lightning	https://github.com/acquia/headless_lightning
2592	ycloudyusa/yusaopeny_ymca360	https://github.com/YCloudYUSA/yusaopeny_ymca360
24282	ycloudyusa/yusaopeny_gated_content	https://github.com/YCloudYUSA/yusaopeny_gated_content
66713	ycloudyusa/yusaopeny_activity_finder	https://github.com/YCloudYUSA/yusaopeny_activity_finder
29302	ycloudyusa/y_pef_schedule	https://github.com/YCloudYUSA/y_pef_schedule
56772	ycloudyusa/y_lb_demo_content	https://github.com/YCloudYUSA/y_lb_demo_content
45989	ycloudyusa/useless_machines	https://github.com/YCloudYUSA/useless_machines
6502	ycloudyusa/lb_claro	https://github.com/YCloudYUSA/lb_claro
55766	wunderio/updates_log	https://github.com/wunderio/drupal-updates-log
24922	wieni/wmvideo	https://github.com/wieni/wmvideo
29224	wieni/wmsettings	https://github.com/wieni/wmsettings
34090	wieni/wmsentry	https://github.com/wieni/wmsentry
22528	wieni/wmsearch	https://github.com/wieni/wmsearch
13010	wieni/wmmeta	https://github.com/wieni/wmmeta
21209	wieni/wmmailable	https://github.com/wieni/wmmailable
21574	wieni/wmentity_overview	https://github.com/wieni/wmentity_overview
20649	wieni/wmcustom_entity_form	https://github.com/wieni/wmcustom_entity_form
28074	wieni/wmcontroller	https://github.com/wieni/wmcontroller
26700	wieni/wmcontent	https://github.com/wieni/wmcontent
24432	wieni/wienimal_services	https://github.com/wieni/wienimal_services
26184	wieni/wienimal_editor_toolbar	https://github.com/wieni/wienimal_editor_toolbar
11287	voidagency/yaml_editor	https://github.com/voidagency/yaml_editor
3374	voidagency/vactory_dashboard	https://github.com/voidagency/vactory_dashboard
11281	voidagency/shortcode	https://github.com/voidagency/shortcode
11282	voidagency/mobile_native_share	https://github.com/voidagency/mobile_native_share
11303	voidagency/merge_translations	https://github.com/voidagency/merge_translations
13677	voidagency/jquery_colorpicker	https://github.com/voidagency/jquery_colorpicker
11507	voidagency/easy_install	https://github.com/voidagency/easy_install
13063	voidagency/cloudinary	https://github.com/voidagency/cloudinary
11307	voidagency/block_list_override	https://github.com/voidagency/block_list_override
432	vardot/ckeditor_media_resize	https://github.com/Vardot/ckeditor_media_resize
10466	vardot/betterlogin	https://github.com/Vardot/betterlogin
17136	unocha/ocha_snap	https://github.com/UN-OCHA/ocha_snap
10565	unocha/ocha_search	https://github.com/UN-OCHA/ocha_search
26105	unocha/ocha_monitoring	https://github.com/UN-OCHA/ocha_monitoring
8980	unocha/ocha_integrations	https://github.com/UN-OCHA/ocha_integrations
7604	unocha/ocha_entraid	https://github.com/UN-OCHA/ocha_entraid
15558	unocha/gtm_barebones	https://github.com/UN-OCHA/gtm_barebones
42521	unb-libraries/saml_features	https://github.com/unb-libraries/saml_features
36515	umd_digital/umd_terp_base	https://github.com/umdsais/umd_terp_base
43187	umd_digital/umd_schoolwide_header	https://github.com/umdsais/umd_schoolwide_header
30137	thinkshout/ts_styleguide	https://github.com/thinkshout/ts_styleguide
47371	thinkshout/distro_helper	https://github.com/thinkshout/distro_helper
31860	thinkshout/discourse	https://github.com/thinkshout/discourse
13811	su-sws/paranoia	https://github.com/SU-SWS/drupal-paranoia
3486	strawberryfield/strawberryfield	https://github.com/esmero/strawberryfield
2974	strawberryfield/strawberry_runners	https://github.com/esmero/strawberry_runners
3808	strawberryfield/format_strawberryfield	https://github.com/esmero/format_strawberryfield
14997	os2web/os2web_audit	https://github.com/OS2web/os2web_audit
164366	openeuropa/oe_time_caching	https://github.com/openeuropa/oe_time_caching
20012	openeuropa/oe_starter_content	https://github.com/openeuropa/oe_starter_content
107227	openeuropa/oe_search	https://github.com/openeuropa/oe_search
88578	openeuropa/oe_oembed	https://github.com/openeuropa/oe_oembed
13863	openeuropa/oe_newsroom	https://github.com/openeuropa/oe_newsroom
102764	openeuropa/oe_list_pages	https://github.com/openeuropa/oe_list_pages
92375	openeuropa/oe_link_lists	https://github.com/openeuropa/oe_link_lists
106970	openeuropa/oe_editorial	https://github.com/openeuropa/oe_editorial
143331	openeuropa/oe_corporate_site_info	https://github.com/openeuropa/oe_corporate_site_info
119435	openeuropa/oe_corporate_countries	https://github.com/openeuropa/oe_corporate_countries
98697	openeuropa/oe_contact_forms	https://github.com/openeuropa/oe_contact_forms
86966	open-y-subprojects/ynorth_gxp_spots_proxy	https://github.com/open-y-subprojects/ynorth_gxp_spots_proxy
85118	open-y-subprojects/openy_node_alert	https://github.com/open-y-subprojects/openy_node_alert
83885	open-y-subprojects/openy_map	https://github.com/open-y-subprojects/openy_map
82881	open-y-subprojects/openy_hours_formatter	https://github.com/open-y-subprojects/openy_hours_formatter
82028	open-y-subprojects/openy_focal_point	https://github.com/open-y-subprojects/openy_focal_point
85098	open-y-subprojects/openy_features	https://github.com/open-y-subprojects/openy_features
82771	open-y-subprojects/openy_demo_content	https://github.com/open-y-subprojects/openy_demo_content
88334	open-y-subprojects/openy_daxko_gxp_syncer	https://github.com/open-y-subprojects/openy_daxko_gxp_syncer
76504	open-y-subprojects/openy_custom	https://github.com/open-y-subprojects/openy_custom
82372	open-y-subprojects/openy_content_core	https://github.com/open-y-subprojects/openy_content_core
10944	mjordan/islandora_repository_reports	https://github.com/mjordan/islandora_repository_reports
10544	makinacorpus/drupal-static-passthrough	https://github.com/makinacorpus/drupal-static-passthrough
10839	lullabot/cmc	https://github.com/Lullabot/cmc
122076	localgovdrupal/localgov_topics	https://github.com/localgovdrupal/localgov_topics
116137	localgovdrupal/localgov_step_by_step	https://github.com/localgovdrupal/localgov_step_by_step
60707	localgovdrupal/localgov_search_solr	https://github.com/localgovdrupal/localgov_search_solr
117487	localgovdrupal/localgov_search	https://github.com/localgovdrupal/localgov_search
129835	localgovdrupal/localgov_paragraphs	https://github.com/localgovdrupal/localgov_paragraphs
113703	localgovdrupal/localgov_page_components	https://github.com/localgovdrupal/localgov_page_components
107492	localgovdrupal/localgov_openreferral	https://github.com/localgovdrupal/localgov_openreferral
120600	localgovdrupal/localgov_news	https://github.com/localgovdrupal/localgov_news
112140	localgovdrupal/localgov_menu_link_group	https://github.com/localgovdrupal/localgov_menu_link_group
117633	localgovdrupal/localgov_guides	https://github.com/localgovdrupal/localgov_guides
45388	localgovdrupal/localgov_forms	https://github.com/localgovdrupal/localgov_forms
124441	localgovdrupal/localgov_events	https://github.com/localgovdrupal/localgov_events
128248	localgovdrupal/localgov_directories	https://github.com/localgovdrupal/localgov_directories
111970	localgovdrupal/localgov_demo	https://github.com/localgovdrupal/localgov_demo
11346	localgovdrupal/group_webform	https://github.com/localgovdrupal/group_webform
15932	kgaut/kgaut_tools	https://github.com/kgaut/kgaut_tools
1425	kgaut/github_api	https://github.com/kgaut/github_api
57291	kanopi/saplings_paragraphs	https://github.com/kanopi/saplings_paragraphs
53273	kanopi/saplings_custom	https://github.com/kanopi/saplings_custom
6609	jacerider/valet	https://github.com/jacerider/valet
4470	jacerider/sync	https://github.com/jacerider/sync
2258	jacerider/neo_twig	https://github.com/jacerider/neo_twig
2391	jacerider/neo_tooltip	https://github.com/jacerider/neo_tooltip
2314	jacerider/neo_toolbar	https://github.com/jacerider/neo_toolbar
2187	jacerider/neo_site_settings	https://github.com/jacerider/neo_site_settings
2278	jacerider/neo_settings	https://github.com/jacerider/neo_settings
2512	jacerider/neo_modal	https://github.com/jacerider/neo_modal
2297	jacerider/neo_loader	https://github.com/jacerider/neo_loader
2292	jacerider/neo_image	https://github.com/jacerider/neo_image
2559	jacerider/neo_icon	https://github.com/jacerider/neo_icon
2173	jacerider/neo_font	https://github.com/jacerider/neo_font
2256	jacerider/neo_favicon	https://github.com/jacerider/neo_favicon
2161	jacerider/neo_config_flow	https://github.com/jacerider/neo_config_flow
2378	jacerider/neo_config_file	https://github.com/jacerider/neo_config_file
2364	jacerider/neo_color	https://github.com/jacerider/neo_color
2516	jacerider/neo_build	https://github.com/jacerider/neo_build
2723	jacerider/neo_alchemist	https://github.com/jacerider/neo_alchemist
2744	jacerider/neo	https://github.com/jacerider/neo
1793	jacerider/mail_theme	https://github.com/jacerider/mail_theme
26498	itk-dev/web_accessibility_statement	https://github.com/itk-dev/web_accessibility_statement
24080	itk-dev/drupal_psr6_cache	https://github.com/itk-dev/drupal_psr6_cache
9293	islandora-rdm/islandora_datacite_doi	https://github.com/roblib/islandora_datacite_doi
13986	hoppinger/ts_generator	https://github.com/hoppinger/ts_generator
18720	hoppinger/rest_normalizations	https://github.com/hoppinger/rest_normalizations
10021	drupalwxt/wxt_library	https://github.com/drupalwxt/wxt_library
3897	drupalninja/drupalx_ai	https://github.com/nextagencyio/drupalx_ai
6836	drupal/backport_node_storage_body_field	https://git.drupalcode.org/project/backport_node_storage_body_field.git
81740	drunomics/image_styles_precomputer	https://github.com/drunomics/module-image_styles_precomputer
36515	dpc-sdp/tide_logs	https://github.com/dpc-sdp/tide_logs
56516	dpc-sdp/tide_core	https://github.com/dpc-sdp/tide_core
31535	dpc-sdp/bay_platform_dependencies	https://github.com/dpc-sdp/bay_platform_dependencies
22000	dpc-sdp/bay_monitoring	https://github.com/dpc-sdp/bay_monitoring
23808	dof-dss/nicsdru_unity_modules	https://github.com/dof-dss/nicsdru_unity_modules
45717	dof-dss/nicsdru_origins_modules	https://github.com/dof-dss/nicsdru_origins_modules
8131	dksdev01/simplesamlphp_auth	https://github.com/dksdev01/simplesamlphp_auth
9899	dksdev01/cloudflare	https://github.com/dksdev01/cloudflare
28090	discoverygarden/islandora_hocr	https://github.com/discoverygarden/islandora_hocr
2988	discoverygarden/islandora_citations	https://github.com/discoverygarden/islandora_citations
24863	discoverygarden/dgi_image_discovery	https://github.com/discoverygarden/dgi_image_discovery
12739	chi-teck/config_schema_checker	https://github.com/Chi-teck/config-schema-checker
59445	burdamagazinorg/hm_newsletter	https://github.com/BurdaMagazinOrg/module-hm_newsletter
3446	born-digital/bd_embargo	https://github.com/Born-Digital-US/bd_embargo
7591	asuwebplatforms/asu_governance	https://github.com/ASUWebPlatforms/asu_governance
8126	andeersg/site_checker_client	https://gitlab.com/andeersg/site-checker-client
106242	amcgowanca/entity_utilities	https://github.com/amcgowanca/entity_utilities
53139	acquia/sitestudio_jsonapi	https://github.com/acquia/sitestudio_jsonapi
135501	acquia/sitestudio_contenthub	https://github.com/acquia/sitestudio_contenthub
28099	acquia/acf	https://github.com/acquia/acf
158041	openeuropa/rdf_skos	https://github.com/openeuropa/rdf_skos
110762	localgovdrupal/localgov_workflows	https://github.com/localgovdrupal/localgov_workflows
31120	localgovdrupal/localgov_login_redirect	https://github.com/localgovdrupal/localgov_login_redirect
31309	localgovdrupal/localgov_content_lock	https://github.com/localgovdrupal/localgov_content_lock
368512	islandora/openseadragon	https://github.com/Islandora/openseadragon
270170	islandora/jsonld	https://github.com/Islandora/jsonld
104802	islandora/islandora_defaults	https://github.com/Islandora/islandora_defaults
46843	islandora/islandora	https://github.com/Islandora/islandora
196498	burdamagazinorg/infinite_module	https://github.com/BurdaMagazinOrg/infinite-module
29843	amazeelabs/silverback_graphql_persisted	https://github.com/AmazeeLabs/silverback_graphql_persisted
47536	amazeelabs/silverback_external_preview	https://github.com/AmazeeLabs/silverback_external_preview
26815	amazeelabs/graphql_directives	https://github.com/AmazeeLabs/graphql_directives
76032	ynorth-projects/openy_repeat	https://github.com/ynorth-projects/openy_repeat
72455	ynorth-projects/openy_pef_gxp_sync	https://github.com/ynorth-projects/openy_pef_gxp_sync
71942	ynorth-projects/openy_node_session	https://github.com/ynorth-projects/openy_node_session
77433	ymcatwincities/ymca_sync	https://github.com/ymcatwincities/ymca_sync
76912	ymcatwincities/media_entity_document	https://github.com/ymcatwincities/media_entity_document
