277708	wordpress/mcp-adapter	https://github.com/WordPress/mcp-adapter
8005790	woocommerce/action-scheduler	https://github.com/woocommerce/action-scheduler
2531007	humanmade/s3-uploads	https://github.com/humanmade/S3-Uploads
687818	cmb2/cmb2	https://github.com/CMB2/CMB2
1370184	wp-media/wp-rocket	https://github.com/wp-media/wp-rocket
409591	wp-graphql/wp-graphql	https://github.com/wp-graphql/wp-graphql
180187	woocommerce/woocommerce	https://github.com/woocommerce/woocommerce
229473	stayallive/wp-sentry	https://github.com/stayallive/wp-sentry
479862	roots/wp-stage-switcher	https://github.com/roots/wp-stage-switcher
546362	johnbillion/query-monitor	https://github.com/johnbillion/query-monitor
831580	alleyinteractive/wordpress-fieldmanager	https://github.com/alleyinteractive/wordpress-fieldmanager
405926	10up/elasticpress	https://github.com/10up/ElasticPress
1867706	roots/soil	https://github.com/roots/soil
114986	wpsyntex/polylang	https://github.com/polylang/polylang
21059	wpmetabox/meta-box	https://github.com/wpmetabox/meta-box
192045	wp-sync-db/wp-sync-db	https://github.com/wp-sync-db/wp-sync-db
59166	wp-graphql/wp-graphql-woocommerce	https://github.com/wp-graphql/wp-graphql-woocommerce
128466	wp-graphql/wp-graphql-jwt-authentication	https://github.com/wp-graphql/wp-graphql-jwt-authentication
162129	wp-api/basic-auth	https://github.com/WP-API/Basic-Auth
110896	valu/wp-graphql-polylang	https://github.com/valu-digital/wp-graphql-polylang
23931	techcrunch/wp-async-task	https://github.com/techcrunch/wp-async-task
85683	sybrew/the-seo-framework	https://github.com/sybrew/the-seo-framework
129330	stuttter/ludicrousdb	https://github.com/stuttter/ludicrousdb
121436	soberwp/intervention	https://github.com/darrenjacoby/intervention
103259	rhubarbgroup/redis-cache	https://github.com/rhubarbgroup/redis-cache
274902	rarst/laps	https://github.com/Rarst/laps
65838	pantheon-systems/wp-redis	https://github.com/pantheon-systems/wp-redis
12218	pantheon-systems/wp-native-php-sessions	https://github.com/pantheon-systems/wp-native-php-sessions
316401	log1x/acf-editor-palette	https://github.com/Log1x/acf-editor-palette
93700	johnbillion/wp-crontrol	https://github.com/johnbillion/wp-crontrol
77067	johnbillion/user-switching	https://github.com/johnbillion/user-switching
313225	humanmade/wp-simple-saml	https://github.com/humanmade/wp-simple-saml
371199	humanmade/tachyon-plugin	https://github.com/humanmade/tachyon-plugin
244575	humanmade/smart-media	https://github.com/humanmade/smart-media
18761	humanmade/query-filter	https://github.com/humanmade/query-filter
168537	humanmade/publication-checklist	https://github.com/humanmade/publication-checklist
105831	humanmade/hm-gutenberg-tools	https://github.com/humanmade/hm-gutenberg-tools
274632	humanmade/aws-ses-wp-mail	https://github.com/humanmade/aws-ses-wp-mail
233607	humanmade/asset-manager-framework	https://github.com/humanmade/asset-manager-framework
97077	harness-software/wp-graphql-gravity-forms	https://github.com/AxeWP/wp-graphql-gravity-forms
14535	grappler/polylang-slug	https://github.com/grappler/polylang-slug
317947	darylldoyle/safe-svg	https://github.com/10up/safe-svg
263582	automattic/msm-sitemap	https://github.com/Automattic/msm-sitemap
26934	automattic/co-authors-plus	https://github.com/Automattic/co-authors-plus
25796	auth0/wordpress	https://github.com/auth0/wordpress
221444	ashhitch/wp-graphql-yoast-seo	https://github.com/ashhitch/wp-graphql-yoast-seo
467906	alleyinteractive/wp-asset-manager	https://github.com/alleyinteractive/wp-asset-manager
364630	alleyinteractive/wp-404-caching	https://github.com/alleyinteractive/wp-404-caching
406719	alleyinteractive/meta-inspector	https://github.com/alleyinteractive/meta-inspector
418270	alleyinteractive/logger	https://github.com/alleyinteractive/logger
78900	airesvsg/acf-to-rest-api	https://github.com/airesvsg/acf-to-rest-api
1842	afragen/git-updater	https://github.com/afragen/git-updater
188353	10up/simple-local-avatars	https://github.com/10up/simple-local-avatars
518383	10up/10up-experience	https://github.com/10up/10up-experience
371071	wp-graphql/wp-graphql-acf	https://github.com/wp-graphql/wp-graphql-acf
942728	woocommerce/woocommerce-blocks	https://github.com/woocommerce/woocommerce-blocks
350754	woocommerce/woocommerce-admin	https://github.com/woocommerce/woocommerce-admin
2136117	yoast/wordpress-seo	https://github.com/Yoast-dist/wordpress-seo
33403	ymirapp/wordpress-plugin	https://github.com/ymirapp/wordpress-plugin
132632	xwp/site-performance-tracker	https://github.com/xwp/site-performance-tracker
152020	wp-sync-db/wp-sync-db-media-files	https://github.com/wp-sync-db/wp-sync-db-media-files
2840	wp-privacy/wp-api-privacy	https://github.com/wp-privacy/wp-api-privacy
69379	wp-media/imagify-plugin	https://github.com/wp-media/imagify-plugin
30085	wp-graphql/wpgraphql-acf	https://github.com/wp-graphql/wpgraphql-acf
62862	wp-graphql/wp-graphql-smart-cache	https://github.com/wp-graphql/wp-graphql-smart-cache
11586	wearerequired/traduttore	https://github.com/wearerequired/traduttore
97655	valu/wp-graphql-offset-pagination	https://github.com/valu-digital/wp-graphql-offset-pagination
18640	tobiasbg/tablepress	https://github.com/TobiasBg/TablePress
95703	sybrew/the-seo-framework-extension-manager	https://github.com/sybrew/The-SEO-Framework-Extension-Manager
228550	stuttter/wp-user-signups	https://github.com/stuttter/wp-user-signups
24920	stuttter/wp-multi-network	https://github.com/stuttter/wp-multi-network
366	strangerstudios/paid-memberships-pro	https://github.com/strangerstudios/paid-memberships-pro
11340	spatie/wordpress-ray	https://github.com/spatie/wordpress-ray
51107	roots/allow-svg	https://github.com/roots/allow-svg
6245	redux-framework/redux-framework	https://github.com/reduxframework/redux-framework
136718	rarst/wps	https://github.com/Rarst/wps
36706	qtranslate/qtranslate-xt	https://github.com/qtranslate/qtranslate-xt
22545	pronamic/gravityforms	https://github.com/pronamic/gravityforms
113689	pristas-peter/wp-graphql-gutenberg	https://github.com/pristas-peter/wp-graphql-gutenberg
44759	pressbooks/pressbooks	https://github.com/pressbooks/pressbooks
270069	pantheon-systems/wp-saml-auth	https://github.com/pantheon-systems/wp-saml-auth
10067	pantheon-systems/pantheon-hud	https://github.com/pantheon-systems/pantheon-hud
13989	pantheon-systems/pantheon-advanced-page-cache	https://github.com/pantheon-systems/pantheon-advanced-page-cache
169576	otgs/multilingual-tools	https://github.com/OnTheGoSystems/multilingual-tools
4414	millipress/millicache	https://github.com/MilliPress/MilliCache
17391	mdsimpson/contact-form-7-to-database-extension	https://github.com/mdsimpson/contact-form-7-to-database-extension
62922	mcguffin/acf-quick-edit-fields	https://github.com/mcguffin/acf-quickedit-fields
78114	log1x/acf-phone-number	https://github.com/Log1x/acf-phone-number
104499	ilab/ilab-media-tools	https://github.com/Interfacelab/ilab-media-tools
57174	humanmade/wp-flags	https://github.com/humanmade/wp-flags
151279	humanmade/workflows	https://github.com/humanmade/Workflows
230047	humanmade/two-factor	https://github.com/humanmade/two-factor
228863	humanmade/require-login	https://github.com/humanmade/hm-require-login
251118	humanmade/hm-redirects	https://github.com/humanmade/hm-redirects
181016	humanmade/hm-gtm	https://github.com/humanmade/hm-gtm
37413	humanmade/hm-content-import	https://github.com/humanmade/hm-content-import
229939	humanmade/aws-rekognition	https://github.com/humanmade/aws-rekognition
190969	humanmade/authorship	https://github.com/humanmade/authorship
354549	humanmade/asset-loader	https://github.com/humanmade/asset-loader
194936	humanmade/amf-wordpress	https://github.com/humanmade/amf-wordpress
201863	humanmade/altis-reusable-blocks	https://github.com/humanmade/altis-reusable-blocks
8803	hirasso/focal-point-picker	https://github.com/hirasso/focal-point-picker
97510	hellonico/acf-country	https://github.com/nlemoine/acf-country
159868	flyntwp/acf-field-group-composer	https://github.com/flyntwp/acf-field-group-composer
24309	ericmann/wp-session-manager	https://github.com/ericmann/wp-session-manager
68221	dre1080/wp-graphql-upload	https://github.com/dre1080/wp-graphql-upload
215028	deliciousbrains/wp-amazon-s3-and-cloudfront	https://github.com/deliciousbrains/wp-amazon-s3-and-cloudfront
83413	daggerhart/openid-connect-generic	https://github.com/oidc-wp/openid-connect-generic
27094	collegeman/fuerte	https://github.com/collegeman/fuerte
77102	cedaro/woocommerce-coupon-links	https://github.com/cedaro/woocommerce-coupon-links
35286	cedaro/satispress	https://github.com/cedaro/satispress
16596	bueltge/wordpress-admin-style	https://github.com/bueltge/wordpress-admin-style
7967	bonny/wordpress-simple-history	https://github.com/bonny/WordPress-Simple-History
3536	blockstudio/blockstudio	https://github.com/inline0/blockstudio
10678	axepress/wp-graphql-rank-math	https://github.com/AxeWP/wp-graphql-rank-math
163953	automattic/wpcom-legacy-redirector	https://github.com/Automattic/wpcom-legacy-redirector
231834	altis/browser-security	https://github.com/humanmade/altis-browser-security
220414	alleyinteractive/wp-new-relic-transactions	https://github.com/alleyinteractive/wp-new-relic-transactions
222288	alleyinteractive/wp-environment-switcher	https://github.com/alleyinteractive/wp-environment-switcher
263094	alleyinteractive/wp-curate	https://github.com/alleyinteractive/wp-curate
45307	alleyinteractive/wp-alleyvate	https://github.com/alleyinteractive/wp-alleyvate
370452	alleyinteractive/internal-flags	https://github.com/alleyinteractive/internal-flags
338569	alleyinteractive/elasticsearch-extensions	https://github.com/alleyinteractive/elasticsearch-extensions
131574	wp-api/wp-api	https://github.com/WP-API/WP-API
140520	woocommerce/woocommerce-rest-api	https://github.com/woocommerce/woocommerce-rest-api
113487	webdevstudios/cmb2	https://github.com/CMB2/CMB2
330688	alleyinteractive/wp-command-palette	https://github.com/alleyinteractive/wp-command-palette
48947	yoast/test-helper	https://github.com/Yoast/yoast-test-helper
257278	yoast/duplicate-post	https://github.com/Yoast-dist/duplicate-post
56412	yoast/comment-hacks	https://github.com/ProgressPlanner/comment-hacks
15070	yangm97/elementor-pro	https://github.com/yangm97/elementor-pro
220813	xwp/stream	https://github.com/xwp/stream-dist
3923	wpcomvip/s3-media-sync	https://github.com/Automattic/s3-media-sync
53064	wp-sync-db/wp-sync-db-cli	https://github.com/wp-sync-db/wp-sync-db-cli
121889	wp-pay/core	https://github.com/pronamic/wp-pay-core
34529	wp-pay-extensions/gravityforms	https://github.com/pronamic/wp-pronamic-pay-gravityforms
14272	wordpress-premium/advanced-custom-fields-pro	https://gitlab.com/wordpress-premium/advanced-custom-fields-pro
19076	woocommerce/wc-smooth-generator	https://github.com/woocommerce/wc-smooth-generator
48825	webdevstudios/cmb2-post-search-field	https://github.com/WebDevStudios/CMB2-Post-Search-field
65969	webdevstudios/cmb2-attached-posts	https://github.com/WebDevStudios/cmb2-attached-posts
37275	wearerequired/wp-cli-clear-opcache	https://github.com/wearerequired/wp-cli-clear-opcache
12453	viper007bond/regenerate-thumbnails	https://github.com/Viper007Bond/regenerate-thumbnails
58013	valu/wp-graphql-lock	https://github.com/valu-digital/wp-graphql-lock
21315	valu/wp-graphql-cache	https://github.com/valu-digital/wp-graphql-cache
4243	torounit/custom-post-type-permalinks	https://github.com/torounit/custom-post-type-permalinks
2722	toinekamps/responsive-pics	https://github.com/Twansparant/responsive-pics
2111	terrylinooo/githuber-md	https://github.com/terrylinooo/githuber-md
19803	stuttter/wp-user-profiles	https://github.com/stuttter/wp-user-profiles
23317	stuttter/wp-user-avatars	https://github.com/stuttter/wp-user-avatars
13512	smithfield-studio/acf-svg-icon-picker	https://github.com/smithfield-studio/acf-svg-icon-picker
197	simplystatic/simply-static	https://github.com/Simply-Static/simply-static
17093	rtcamp/nginx-helper	https://github.com/rtCamp/nginx-helper
1570	roots/post-content-to-markdown	https://github.com/roots/post-content-to-markdown
24807	rarst/update-blocker	https://github.com/Rarst/update-blocker
15468	rarst/fragment-cache	https://github.com/Rarst/fragment-cache
2187	rankmath/seo-by-rank-math	https://github.com/rankmath/seo-by-rank-math
104538	pronamic/wp-http	https://github.com/pronamic/wp-http
1738	pods-framework/pods	https://github.com/pods-framework/pods
16643	pivvenit/wordpress-readonly	https://github.com/pivvenit/wordpress-readonly
1740	pfefferle/wordpress-activitypub	https://github.com/Automattic/wordpress-activitypub
10322	origgami/cmb2-grid	https://github.com/origgami/CMB2-grid
10877	nickford/acf-swatch	https://github.com/nickforddesign/acf-swatch
701	nawawi/docket-cache	https://github.com/nawawi/docket-cache
8410	metabolism/wp-steroids	https://github.com/metabolism/wp-steroids
45885	mentosmenno2/image-crop-positioner	https://github.com/mentosmenno2/image-crop-positioner
3821	mcguffin/acf-openstreetmap-field	https://github.com/mcguffin/acf-openstreetmap-field
11645	mcguffin/acf-customizer	https://github.com/mcguffin/acf-customizer
675	lloc/multisite-language-switcher	https://github.com/lloc/Multisite-Language-Switcher
69323	lipemat/cmb2	https://github.com/lipemat/CMB2
170071	lifterlms/lifterlms-rest	https://github.com/gocodebox/lifterlms-rest
170926	lifterlms/lifterlms-blocks	https://github.com/gocodebox/lifterlms-blocks
3116	leonstafford/wp2static	https://github.com/elementor/wp2static
2367	keycdn/cdn-enabler	https://github.com/keycdn/cdn-enabler
4846	keycdn/cache-enabler	https://github.com/keycdn/cache-enabler
31864	itinerisltd/wp-phpmailer	https://github.com/ItinerisLtd/wp-phpmailer
62225	inpsyde/google-tag-manager	https://github.com/inpsyde/google-tag-manager
24580	inpsyde/disable-comments	https://github.com/inpsyde/disable-comments
5122	imranhsayed/headless-cms	https://github.com/imranhsayed/headless-cms
336	iandunn/wp-cli-plugin-active-on-sites	https://github.com/iandunn/wp-cli-plugin-active-on-sites
200977	humanmade/wp-redis	https://github.com/humanmade/wp-redis
7753	humanmade/wordpress-importer	https://github.com/humanmade/WordPress-Importer
60728	humanmade/propose-draft-date	https://github.com/humanmade/propose-draft-date
7214	humanmade/popup	https://github.com/humanmade/popup
10338	humanmade/page-for-post-type	https://github.com/humanmade/page-for-post-type
5939	humanmade/lottie-lite	https://github.com/humanmade/lottie-lite
4404	humanmade/hm-tabs-block	https://github.com/humanmade/hm-tabs-block
10290	humanmade/hm-query-loop	https://github.com/humanmade/hm-query-loop
4811	humanmade/hm-mega-menu-block	https://github.com/humanmade/hm-mega-menu-block
120113	humanmade/gaussholder	https://github.com/humanmade/Gaussholder
194607	humanmade/disable-accounts	https://github.com/humanmade/disable-accounts
212678	humanmade/debug-bar-elasticpress	https://github.com/humanmade/debug-bar-elasticpress
4296	humanmade/block-supports-extended	https://github.com/humanmade/block-supports-extended
54931	htmlburger/carbon-fields-plugin	https://github.com/htmlburger/carbon-fields-plugin
49058	hipdevteam/elementor-pro	https://gitlab.com/hipdevteam/elementor-pro
42002	hipdevteam/advanced-custom-fields-pro	https://gitlab.com/hipdevteam/advanced-custom-fields-pro
112351	headstartwp/headstartwp	https://github.com/10up/headstartwp-plugin
25827	gillesgoetsch/acf-smart-button	https://github.com/gillesgoetsch/acf-smart-button
66	georgestephanis/two-factor	https://github.com/WordPress/two-factor
23313	generoi/wp-image-resizer	https://github.com/generoi/wp-image-resizer
11449	generoi/wp-gutenberg-shy	https://github.com/generoi/wp-gutenberg-shy
